{"keymap_db_version":20,"app_version":118,"keymap_list":[{"actionList":[{"data":"19","extras":[],"flags":4,"type":"KEY_EVENT","uid":"0c5855e7-77cc-4bf6-a183-7d75207c7bde"}],"constraintList":[],"constraintMode":1,"flags":0,"group_uid":"059e2a0d-f53e-4224-adc2-695f5178e0ca","id":1,"isEnabled":true,"trigger":{"extras":[],"flags":0,"keys":[{"clickType":0,"deviceId":"io.github.sds100.keymapper.THIS_DEVICE","flags":0,"keyCode":666,"uid":"a711b23a-f2af-4a51-a9ec-33735b9ff894"},{"clickType":0,"deviceId":"io.github.sds100.keymapper.THIS_DEVICE","flags":0,"keyCode":37,"uid":"4a0e5cde-a242-417d-9d3f-743b35ebe2b1"}],"mode":0},"uid":"5f4cb1a8-6838-4980-a944-22c523bbf9fe"},{"actionList":[{"data":"21","extras":[],"flags":4,"type":"KEY_EVENT","uid":"8bc752c6-204b-42d2-ad5b-2e5fc214fc0d"}],"constraintList":[],"constraintMode":1,"flags":0,"group_uid":"059e2a0d-f53e-4224-adc2-695f5178e0ca","id":2,"isEnabled":true,"trigger":{"extras":[],"flags":0,"keys":[{"clickType":0,"deviceId":"io.github.sds100.keymapper.THIS_DEVICE","flags":0,"keyCode":666,"uid":"5602ef37-5868-45ba-853d-2ddb73957aa2"},{"clickType":0,"deviceId":"io.github.sds100.keymapper.THIS_DEVICE","flags":0,"keyCode":38,"uid":"c7ad42fd-9630-4f0a-8a18-fb4ac9ef6ab2"}],"mode":0},"uid":"788b0a28-fbf4-4673-a878-3d7efaa335cd"},{"actionList":[{"data":"20","extras":[],"flags":4,"type":"KEY_EVENT","uid":"aff12c06-3f9d-4c48-8852-0a0b035b7018"}],"constraintList":[],"constraintMode":1,"flags":0,"group_uid":"059e2a0d-f53e-4224-adc2-695f5178e0ca","id":3,"isEnabled":true,"trigger":{"extras":[],"flags":0,"keys":[{"clickType":0,"deviceId":"io.github.sds100.keymapper.THIS_DEVICE","flags":0,"keyCode":666,"uid":"256329df-2c98-43bd-a13a-e7b6637716c4"},{"clickType":0,"deviceId":"io.github.sds100.keymapper.THIS_DEVICE","flags":0,"keyCode":39,"uid":"09131771-98d9-4a89-be8b-e5cf5bc45338"}],"mode":0},"uid":"e979ba46-c791-447c-a14d-8082332d21d1"},{"actionList":[{"data":"22","extras":[],"flags":4,"type":"KEY_EVENT","uid":"855e9195-fcf3-4773-ae1f-00312525f9d5"}],"constraintList":[],"constraintMode":1,"flags":0,"group_uid":"059e2a0d-f53e-4224-adc2-695f5178e0ca","id":4,"isEnabled":true,"trigger":{"extras":[],"flags":0,"keys":[{"clickType":0,"deviceId":"io.github.sds100.keymapper.THIS_DEVICE","flags":0,"keyCode":666,"uid":"7c969125-ed73-4572-8db6-6666cacaf97e"},{"clickType":0,"deviceId":"io.github.sds100.keymapper.THIS_DEVICE","flags":0,"keyCode":40,"uid":"5eb426ac-6eb5-4368-ba44-26e2a66fb682"}],"mode":0},"uid":"cb8f6b12-e3c9-4cfe-9351-973908ac849d"},{"actionList":[{"data":"select_word_at_cursor","extras":[],"flags":0,"type":"SYSTEM_ACTION","uid":"008d59f7-ab90-41e8-a099-687b740dd0a7"}],"constraintList":[],"constraintMode":1,"flags":0,"group_uid":"1f8c6442-8303-4e69-aee3-c056642e8ef0","id":5,"isEnabled":true,"trigger":{"extras":[],"flags":0,"keys":[{"clickType":0,"deviceId":"io.github.sds100.keymapper.THIS_DEVICE","flags":0,"keyCode":666,"uid":"872eabc0-cfd3-472d-af63-8ff20d6cd101"},{"clickType":0,"deviceId":"io.github.sds100.keymapper.THIS_DEVICE","flags":0,"keyCode":51,"uid":"b7fc3b6e-ad03-415f-9b44-88586481b28e"}],"mode":0},"uid":"5c2a2db0-bf9a-42f9-bca0-3c2c37da9b27"},{"actionList":[{"data":"text_copy","extras":[],"flags":0,"type":"SYSTEM_ACTION","uid":"44f87c84-72de-4070-9c67-509d8a20362b"}],"constraintList":[],"constraintMode":1,"flags":0,"group_uid":"1f8c6442-8303-4e69-aee3-c056642e8ef0","id":6,"isEnabled":true,"trigger":{"extras":[],"flags":0,"keys":[{"clickType":0,"deviceId":"io.github.sds100.keymapper.THIS_DEVICE","flags":0,"keyCode":666,"uid":"c34d1597-f3aa-4e8d-8df0-11c4737fe4ff"},{"clickType":0,"deviceId":"io.github.sds100.keymapper.THIS_DEVICE","flags":0,"keyCode":31,"uid":"6b250d8b-c9ca-424e-91c2-fcd918f03705"}],"mode":0},"uid":"2cdd03c5-adc0-46d0-800b-d707a60ac86d"},{"actionList":[{"data":"text_paste","extras":[],"flags":0,"type":"SYSTEM_ACTION","uid":"67fd5fa6-6f2d-4734-aef7-db13b0798481"}],"constraintList":[],"constraintMode":1,"flags":0,"group_uid":"1f8c6442-8303-4e69-aee3-c056642e8ef0","id":7,"isEnabled":true,"trigger":{"extras":[],"flags":0,"keys":[{"clickType":0,"deviceId":"io.github.sds100.keymapper.THIS_DEVICE","flags":0,"keyCode":666,"uid":"79e35f74-181a-4e06-8eaa-29ec83fb0aa0"},{"clickType":0,"deviceId":"io.github.sds100.keymapper.THIS_DEVICE","flags":0,"keyCode":50,"uid":"23016115-8f44-424a-81fd-26ded027724a"}],"mode":0},"uid":"06618f19-3b56-4f4c-a8b7-c35121d3d0e4"},{"actionList":[{"data":"text_cut","extras":[],"flags":0,"type":"SYSTEM_ACTION","uid":"efc608bf-2290-4c14-b392-afd0977aac68"}],"constraintList":[],"constraintMode":1,"flags":0,"group_uid":"1f8c6442-8303-4e69-aee3-c056642e8ef0","id":8,"isEnabled":true,"trigger":{"extras":[],"flags":0,"keys":[{"clickType":0,"deviceId":"io.github.sds100.keymapper.THIS_DEVICE","flags":0,"keyCode":666,"uid":"e0ad1892-be84-4225-a068-ef914ba68b0e"},{"clickType":0,"deviceId":"io.github.sds100.keymapper.THIS_DEVICE","flags":0,"keyCode":52,"uid":"0d4b87c8-d42d-4675-b714-6437f61f92a8"}],"mode":0},"uid":"986ea313-b0b0-4dcf-87b8-6c9df1dcb356"},{"actionList":[],"constraintList":[],"constraintMode":1,"flags":0,"group_uid":"1f8c6442-8303-4e69-aee3-c056642e8ef0","id":9,"isEnabled":false,"trigger":{"extras":[],"flags":0,"keys":[{"clickType":0,"deviceId":"io.github.sds100.keymapper.THIS_DEVICE","flags":0,"keyCode":666,"uid":"19cbb922-80c0-45ef-9705-9980a8411182"},{"clickType":0,"deviceId":"io.github.sds100.keymapper.THIS_DEVICE","flags":0,"keyCode":54,"uid":"a5157c8d-14f9-4b25-881d-0d8719457382"}],"mode":0},"uid":"1fc74b57-1a8f-4e3e-b9e8-ed8f931265fa"},{"actionList":[{"data":"71","extras":[],"flags":4,"type":"KEY_EVENT","uid":"42922b5c-8bfc-42e6-8592-0ae2563595a6"}],"constraintList":[],"constraintMode":1,"flags":0,"group_uid":"b6dad42b-74ab-4557-8be6-29a2b0f19ac8","id":10,"isEnabled":true,"trigger":{"extras":[],"flags":0,"keys":[{"clickType":0,"deviceId":"io.github.sds100.keymapper.THIS_DEVICE","flags":0,"keyCode":666,"uid":"0a2e7bc8-21d4-4a05-9346-ab4f15a4b4b5"},{"clickType":0,"deviceId":"io.github.sds100.keymapper.THIS_DEVICE","flags":0,"keyCode":43,"uid":"e7aa6ade-9ed2-4a48-81e9-529e47eaec5b"}],"mode":0},"uid":"d4bef9c5-aefe-4c62-bcef-15f93eaf93c0"},{"actionList":[{"data":"72","extras":[],"flags":4,"type":"KEY_EVENT","uid":"ef415f3c-5181-4df5-a216-801eee4f0d8c"}],"constraintList":[],"constraintMode":1,"flags":0,"group_uid":"b6dad42b-74ab-4557-8be6-29a2b0f19ac8","id":11,"isEnabled":true,"trigger":{"extras":[],"flags":0,"keys":[{"clickType":0,"deviceId":"io.github.sds100.keymapper.THIS_DEVICE","flags":0,"keyCode":666,"uid":"0427b95a-ac76-4bb7-b561-3216f59c9c15"},{"clickType":0,"deviceId":"io.github.sds100.keymapper.THIS_DEVICE","flags":0,"keyCode":44,"uid":"d741a199-3524-442a-8f2f-a3a45ba79494"}],"mode":0},"uid":"e2e0a09d-4c53-484f-a897-cdd568117efe"},{"actionList":[{"data":"com.shortwave.android","extras":[],"flags":0,"type":"APP","uid":"421ba785-a76b-44d9-bf48-f21e46b7aa28"}],"constraintList":[],"constraintMode":1,"flags":0,"group_uid":"0b7f3987-b4d8-4f96-99f5-85d10d71aa89","id":12,"isEnabled":true,"trigger":{"extras":[],"flags":0,"keys":[{"clickType":0,"deviceId":"io.github.sds100.keymapper.THIS_DEVICE","flags":0,"keyCode":41,"uid":"a859f511-0ce9-4f34-87dd-a38f76c414f6"}],"mode":2},"uid":"18c20db0-1852-4e99-ae78-752b42507edf"},{"actionList":[{"data":"com.beeper.android","extras":[],"flags":0,"type":"APP","uid":"9d965cf6-f359-49fe-963d-10aa24824d81"}],"constraintList":[],"constraintMode":1,"flags":0,"group_uid":"0b7f3987-b4d8-4f96-99f5-85d10d71aa89","id":13,"isEnabled":true,"trigger":{"extras":[],"flags":0,"keys":[{"clickType":0,"deviceId":"io.github.sds100.keymapper.THIS_DEVICE","flags":0,"keyCode":30,"uid":"13d4adc6-3306-401c-9746-c535c3eb2b23"}],"mode":2},"uid":"083d624c-44eb-4653-9320-9e20a3985f0c"},{"actionList":[{"data":"info.plateaukao.einkbro","extras":[],"flags":0,"type":"APP","uid":"39b7c191-ed20-4f8a-b163-5bc1426f2176"}],"constraintList":[{"extras":[{"data":"bitpit.launcher","id":"extra_package_name"}],"type":"constraint_app_foreground","uid":"9d2c2ae1-8681-4290-bdb0-c2d7d1207b44"}],"constraintMode":1,"flags":0,"group_uid":"0b7f3987-b4d8-4f96-99f5-85d10d71aa89","id":14,"isEnabled":true,"trigger":{"extras":[],"flags":0,"keys":[{"clickType":0,"deviceId":"io.github.sds100.keymapper.THIS_DEVICE","flags":0,"keyCode":37,"uid":"2745e084-66e7-4ffc-8d1a-7a738ea2d848"}],"mode":2},"uid":"9e3a6401-54e8-4720-a3f2-5ad170bdb1ca"},{"actionList":[],"constraintList":[{"extras":[{"data":"bitpit.launcher","id":"extra_package_name"}],"type":"constraint_app_foreground","uid":"9d2c2ae1-8681-4290-bdb0-c2d7d1207b44"}],"constraintMode":1,"flags":0,"group_uid":"0b7f3987-b4d8-4f96-99f5-85d10d71aa89","id":15,"isEnabled":false,"trigger":{"extras":[],"flags":0,"keys":[{"clickType":0,"deviceId":"io.github.sds100.keymapper.THIS_DEVICE","flags":0,"keyCode":62,"uid":"57b66da7-80a4-4426-a3c4-6e51134e51a0"}],"mode":2},"uid":"96560dda-73e4-4fab-86da-1d91efd52aa6"},{"actionList":[{"data":"com.kagi.search","extras":[],"flags":0,"type":"APP","uid":"d4662da6-f893-4484-a333-abc6e5161190"}],"constraintList":[],"constraintMode":1,"flags":0,"group_uid":"0b7f3987-b4d8-4f96-99f5-85d10d71aa89","id":16,"isEnabled":true,"trigger":{"extras":[],"flags":0,"keys":[{"clickType":0,"deviceId":"io.github.sds100.keymapper.THIS_DEVICE","flags":0,"keyCode":47,"uid":"70eed2fa-acae-4665-b774-80f55fccd20e"}],"mode":2},"uid":"fa604f2f-027c-4906-843d-e378e0dc0c39"},{"actionList":[{"data":"org.koreader.launcher.fdroid","extras":[],"flags":0,"type":"APP","uid":"f083a2fc-8837-4009-aca2-51b800853c8d"}],"constraintList":[],"constraintMode":1,"flags":0,"group_uid":"0b7f3987-b4d8-4f96-99f5-85d10d71aa89","id":17,"isEnabled":true,"trigger":{"extras":[],"flags":0,"keys":[{"clickType":0,"deviceId":"io.github.sds100.keymapper.THIS_DEVICE","flags":0,"keyCode":46,"uid":"de352976-101d-4b64-95ae-fbce6a445a57"}],"mode":2},"uid":"c4f64e19-e80d-484d-acf2-6e06b4e650ac"},{"actionList":[{"data":"com.google.android.dialer","extras":[],"flags":0,"type":"APP","uid":"f5e617f2-51d8-4299-8a88-b1cd3fbb8af7"}],"constraintList":[],"constraintMode":1,"flags":0,"group_uid":"0b7f3987-b4d8-4f96-99f5-85d10d71aa89","id":18,"isEnabled":true,"trigger":{"extras":[],"flags":0,"keys":[{"clickType":0,"deviceId":"io.github.sds100.keymapper.THIS_DEVICE","flags":0,"keyCode":44,"uid":"ea7343bc-9a01-4512-b79e-9ac440423aff"}],"mode":2},"uid":"3d68746b-9b47-4cb8-b5a9-e4d9ad3ebe31"},{"actionList":[{"data":"toggle_notification_drawer","extras":[],"flags":0,"type":"SYSTEM_ACTION","uid":"402407f6-608f-41f1-9e8d-bdbcb776fc19"}],"constraintList":[],"constraintMode":1,"flags":0,"group_uid":"0b7f3987-b4d8-4f96-99f5-85d10d71aa89","id":19,"isEnabled":true,"trigger":{"extras":[],"flags":0,"keys":[{"clickType":0,"deviceId":"io.github.sds100.keymapper.THIS_DEVICE","flags":0,"keyCode":62,"uid":"06769b6b-8ca0-4d70-a15c-e3bc2429d5c3"}],"mode":2},"uid":"3d2a96b1-48e3-4bab-bf61-01c1a7ef2b44"},{"actionList":[{"data":"md.obsidian","extras":[],"flags":0,"type":"APP","uid":"ed4de473-9469-41aa-8bff-ae9dc9304bfa"}],"constraintList":[],"constraintMode":1,"flags":0,"group_uid":"0b7f3987-b4d8-4f96-99f5-85d10d71aa89","id":20,"isEnabled":true,"trigger":{"extras":[],"flags":0,"keys":[{"clickType":0,"deviceId":"io.github.sds100.keymapper.THIS_DEVICE","flags":0,"keyCode":42,"uid":"e319c01b-0d0b-4338-9219-556c9fb44d6a"}],"mode":2},"uid":"65b54053-37a0-48a7-a243-597b8571af6c"},{"actionList":[{"data":"com.mixplorer.silver","extras":[],"flags":0,"type":"APP","uid":"5cff3a08-9542-474b-a27b-f66082000437"}],"constraintList":[],"constraintMode":1,"flags":0,"group_uid":"0b7f3987-b4d8-4f96-99f5-85d10d71aa89","id":25,"isEnabled":true,"trigger":{"extras":[],"flags":0,"keys":[{"clickType":0,"deviceId":"io.github.sds100.keymapper.THIS_DEVICE","flags":0,"keyCode":34,"uid":"04305c5d-dd4c-43ef-a72b-7ecbedc8c455"}],"mode":2},"uid":"0a40d1c7-2280-4b53-836b-736cc53ed94a"},{"actionList":[{"data":"67","extras":[],"flags":0,"type":"KEY_EVENT","uid":"f7c818d9-3dab-4ee6-ac40-0bd815e3532a"},{"data":"77","extras":[],"flags":0,"type":"KEY_EVENT","uid":"94e4e989-0f39-453c-813a-228d38b1f7f5"}],"constraintList":[],"constraintMode":1,"flags":0,"group_uid":"f6d3dc42-7da7-47a9-bd86-5f9c1c3e42ad","id":26,"isEnabled":true,"trigger":{"extras":[],"flags":0,"keys":[{"clickType":0,"deviceId":"io.github.sds100.keymapper.THIS_DEVICE","flags":1,"keyCode":57,"uid":"e4d15818-2060-4c0b-98c9-10427a75b51c"},{"clickType":0,"deviceId":"io.github.sds100.keymapper.THIS_DEVICE","flags":1,"keyCode":29,"uid":"9d27924a-a03a-4450-8262-56596a192c32"}],"mode":1},"uid":"abfc3e45-35f1-4c23-9010-d3c57ff5b863"},{"actionList":[{"data":"77","extras":[],"flags":0,"type":"KEY_EVENT","uid":"94e4e989-0f39-453c-813a-228d38b1f7f5"}],"constraintList":[],"constraintMode":1,"flags":0,"group_uid":"f6d3dc42-7da7-47a9-bd86-5f9c1c3e42ad","id":27,"isEnabled":true,"trigger":{"extras":[],"flags":0,"keys":[{"clickType":0,"deviceId":"io.github.sds100.keymapper.THIS_DEVICE","flags":1,"keyCode":57,"uid":"e4d15818-2060-4c0b-98c9-10427a75b51c"},{"clickType":0,"deviceId":"io.github.sds100.keymapper.THIS_DEVICE","flags":1,"keyCode":29,"uid":"9d27924a-a03a-4450-8262-56596a192c32"}],"mode":0},"uid":"ef5c8f66-d792-412b-98a5-e299a720f11f"},{"actionList":[{"data":"67","extras":[],"flags":0,"type":"KEY_EVENT","uid":"f7c818d9-3dab-4ee6-ac40-0bd815e3532a"},{"data":"14","extras":[{"data":"1","id":"extra_meta_state"}],"flags":0,"type":"KEY_EVENT","uid":"acb64be7-d890-4ef6-93fc-aba8a129f5b6"}],"constraintList":[],"constraintMode":1,"flags":0,"group_uid":"f6d3dc42-7da7-47a9-bd86-5f9c1c3e42ad","id":28,"isEnabled":true,"trigger":{"extras":[],"flags":0,"keys":[{"clickType":0,"deviceId":"io.github.sds100.keymapper.THIS_DEVICE","flags":1,"keyCode":57,"uid":"e4d15818-2060-4c0b-98c9-10427a75b51c"},{"clickType":0,"deviceId":"io.github.sds100.keymapper.THIS_DEVICE","flags":1,"keyCode":45,"uid":"c5d83a97-796d-4270-aba6-297586def1e1"}],"mode":1},"uid":"37ffbdc6-40fd-4c9a-9b27-a04e5f93c6d0"},{"actionList":[{"data":"14","extras":[{"data":"1","id":"extra_meta_state"}],"flags":0,"type":"KEY_EVENT","uid":"acb64be7-d890-4ef6-93fc-aba8a129f5b6"}],"constraintList":[],"constraintMode":1,"flags":0,"group_uid":"f6d3dc42-7da7-47a9-bd86-5f9c1c3e42ad","id":30,"isEnabled":true,"trigger":{"extras":[],"flags":0,"keys":[{"clickType":0,"deviceId":"io.github.sds100.keymapper.THIS_DEVICE","flags":1,"keyCode":57,"uid":"e4d15818-2060-4c0b-98c9-10427a75b51c"},{"clickType":0,"deviceId":"io.github.sds100.keymapper.THIS_DEVICE","flags":1,"keyCode":45,"uid":"c5d83a97-796d-4270-aba6-297586def1e1"}],"mode":0},"uid":"cf926f32-972b-4db8-b303-332455ea3492"},{"actionList":[{"data":"67","extras":[],"flags":0,"type":"KEY_EVENT","uid":"ad25b9c4-29a1-4d56-9103-e717dfc1365e"},{"data":"8","extras":[],"flags":0,"type":"KEY_EVENT","uid":"efc07269-2578-42ea-a0e0-c5de4e47ef59"}],"constraintList":[],"constraintMode":1,"flags":0,"group_uid":"f6d3dc42-7da7-47a9-bd86-5f9c1c3e42ad","id":31,"isEnabled":true,"trigger":{"extras":[],"flags":0,"keys":[{"clickType":0,"deviceId":"io.github.sds100.keymapper.THIS_DEVICE","flags":1,"keyCode":57,"uid":"e4d15818-2060-4c0b-98c9-10427a75b51c"},{"clickType":0,"deviceId":"io.github.sds100.keymapper.THIS_DEVICE","flags":1,"keyCode":51,"uid":"380691bf-e0d1-4c6e-83eb-cb8883c9cb88"}],"mode":1},"uid":"8c6b621d-2590-4a05-ab7f-391959550e40"},{"actionList":[{"data":"8","extras":[],"flags":0,"type":"KEY_EVENT","uid":"f7c818d9-3dab-4ee6-ac40-0bd815e3532a"}],"constraintList":[],"constraintMode":1,"flags":0,"group_uid":"f6d3dc42-7da7-47a9-bd86-5f9c1c3e42ad","id":32,"isEnabled":true,"trigger":{"extras":[],"flags":0,"keys":[{"clickType":0,"deviceId":"io.github.sds100.keymapper.THIS_DEVICE","flags":1,"keyCode":57,"uid":"e4d15818-2060-4c0b-98c9-10427a75b51c"},{"clickType":0,"deviceId":"io.github.sds100.keymapper.THIS_DEVICE","flags":1,"keyCode":51,"uid":"39d2c207-8c71-467f-818b-2925571aa3e3"}],"mode":0},"uid":"9664e60f-7284-4927-b66f-ab3205950df4"},{"actionList":[{"data":"67","extras":[],"flags":0,"type":"KEY_EVENT","uid":"cd9f71e5-56e3-48bb-b493-5d36d48b4108"},{"data":"9","extras":[],"flags":0,"type":"KEY_EVENT","uid":"f7c818d9-3dab-4ee6-ac40-0bd815e3532a"}],"constraintList":[],"constraintMode":1,"flags":0,"group_uid":"f6d3dc42-7da7-47a9-bd86-5f9c1c3e42ad","id":35,"isEnabled":true,"trigger":{"extras":[],"flags":0,"keys":[{"clickType":0,"deviceId":"io.github.sds100.keymapper.THIS_DEVICE","flags":1,"keyCode":57,"uid":"e4d15818-2060-4c0b-98c9-10427a75b51c"},{"clickType":0,"deviceId":"io.github.sds100.keymapper.THIS_DEVICE","flags":1,"keyCode":33,"uid":"8fdc8253-180f-4657-a325-c0dc12b5d5f2"}],"mode":1},"uid":"cc4a763b-70f4-48b3-a0d2-dfd65e163a6a"},{"actionList":[{"data":"9","extras":[],"flags":0,"type":"KEY_EVENT","uid":"efc07269-2578-42ea-a0e0-c5de4e47ef59"}],"constraintList":[],"constraintMode":1,"flags":0,"group_uid":"f6d3dc42-7da7-47a9-bd86-5f9c1c3e42ad","id":36,"isEnabled":true,"trigger":{"extras":[],"flags":0,"keys":[{"clickType":0,"deviceId":"io.github.sds100.keymapper.THIS_DEVICE","flags":1,"keyCode":57,"uid":"e4d15818-2060-4c0b-98c9-10427a75b51c"},{"clickType":0,"deviceId":"io.github.sds100.keymapper.THIS_DEVICE","flags":1,"keyCode":33,"uid":"259ffcc4-b125-42c6-9366-214d30a4c556"}],"mode":0},"uid":"0557ead3-8a33-435d-8629-d590b8b966db"},{"actionList":[{"data":"10","extras":[],"flags":0,"type":"KEY_EVENT","uid":"efc07269-2578-42ea-a0e0-c5de4e47ef59"}],"constraintList":[],"constraintMode":1,"flags":0,"group_uid":"f6d3dc42-7da7-47a9-bd86-5f9c1c3e42ad","id":37,"isEnabled":true,"trigger":{"extras":[],"flags":0,"keys":[{"clickType":0,"deviceId":"io.github.sds100.keymapper.THIS_DEVICE","flags":1,"keyCode":57,"uid":"e4d15818-2060-4c0b-98c9-10427a75b51c"},{"clickType":0,"deviceId":"io.github.sds100.keymapper.THIS_DEVICE","flags":1,"keyCode":46,"uid":"33fa3bf4-9c4a-4705-abc9-a0c8f44d987a"}],"mode":0},"uid":"08d1e02d-c0d0-4806-88db-a7964ca20932"},{"actionList":[{"data":"67","extras":[],"flags":0,"type":"KEY_EVENT","uid":"cd9f71e5-56e3-48bb-b493-5d36d48b4108"},{"data":"10","extras":[],"flags":0,"type":"KEY_EVENT","uid":"f7c818d9-3dab-4ee6-ac40-0bd815e3532a"}],"constraintList":[],"constraintMode":1,"flags":0,"group_uid":"f6d3dc42-7da7-47a9-bd86-5f9c1c3e42ad","id":38,"isEnabled":true,"trigger":{"extras":[],"flags":0,"keys":[{"clickType":0,"deviceId":"io.github.sds100.keymapper.THIS_DEVICE","flags":1,"keyCode":57,"uid":"e4d15818-2060-4c0b-98c9-10427a75b51c"},{"clickType":0,"deviceId":"io.github.sds100.keymapper.THIS_DEVICE","flags":1,"keyCode":46,"uid":"2713b5b7-24af-4417-8747-86f7bc1ce915"}],"mode":1},"uid":"bf29cdb5-a7ae-4a01-bfaa-dd70d5ee996b"},{"actionList":[{"data":"67","extras":[],"flags":0,"type":"KEY_EVENT","uid":"cd9f71e5-56e3-48bb-b493-5d36d48b4108"},{"data":"69","extras":[{"data":"1","id":"extra_meta_state"}],"flags":0,"type":"KEY_EVENT","uid":"f7c818d9-3dab-4ee6-ac40-0bd815e3532a"}],"constraintList":[],"constraintMode":1,"flags":0,"group_uid":"f6d3dc42-7da7-47a9-bd86-5f9c1c3e42ad","id":39,"isEnabled":true,"trigger":{"extras":[],"flags":0,"keys":[{"clickType":0,"deviceId":"io.github.sds100.keymapper.THIS_DEVICE","flags":1,"keyCode":57,"uid":"e4d15818-2060-4c0b-98c9-10427a75b51c"},{"clickType":0,"deviceId":"io.github.sds100.keymapper.THIS_DEVICE","flags":0,"keyCode":48,"uid":"d1364fe3-f1c5-4a35-8d8b-a423f038f699"}],"mode":1},"uid":"8d019b54-7e7c-4421-a1df-39733e4f2533"},{"actionList":[{"data":"69","extras":[{"data":"1","id":"extra_meta_state"}],"flags":0,"type":"KEY_EVENT","uid":"efc07269-2578-42ea-a0e0-c5de4e47ef59"}],"constraintList":[],"constraintMode":1,"flags":0,"group_uid":"f6d3dc42-7da7-47a9-bd86-5f9c1c3e42ad","id":40,"isEnabled":true,"trigger":{"extras":[],"flags":0,"keys":[{"clickType":0,"deviceId":"io.github.sds100.keymapper.THIS_DEVICE","flags":1,"keyCode":57,"uid":"e4d15818-2060-4c0b-98c9-10427a75b51c"},{"clickType":0,"deviceId":"io.github.sds100.keymapper.THIS_DEVICE","flags":0,"keyCode":48,"uid":"3bf8d030-9a6f-4c51-b3c9-7b3a95357ab1"}],"mode":0},"uid":"73e60c3a-8bfb-497e-b344-ed335e4edba2"},{"actionList":[{"data":"69","extras":[],"flags":0,"type":"KEY_EVENT","uid":"efc07269-2578-42ea-a0e0-c5de4e47ef59"}],"constraintList":[],"constraintMode":1,"flags":0,"group_uid":"f6d3dc42-7da7-47a9-bd86-5f9c1c3e42ad","id":41,"isEnabled":true,"trigger":{"extras":[],"flags":0,"keys":[{"clickType":0,"deviceId":"io.github.sds100.keymapper.THIS_DEVICE","flags":1,"keyCode":57,"uid":"e4d15818-2060-4c0b-98c9-10427a75b51c"},{"clickType":0,"deviceId":"io.github.sds100.keymapper.THIS_DEVICE","flags":1,"keyCode":53,"uid":"72a8d361-cd4a-4f15-8a7b-cc280ae3223c"}],"mode":0},"uid":"2c93cad5-614c-4ed2-8037-43951d3f139c"},{"actionList":[{"data":"67","extras":[],"flags":0,"type":"KEY_EVENT","uid":"cd9f71e5-56e3-48bb-b493-5d36d48b4108"},{"data":"69","extras":[],"flags":0,"type":"KEY_EVENT","uid":"f7c818d9-3dab-4ee6-ac40-0bd815e3532a"}],"constraintList":[],"constraintMode":1,"flags":0,"group_uid":"f6d3dc42-7da7-47a9-bd86-5f9c1c3e42ad","id":42,"isEnabled":true,"trigger":{"extras":[],"flags":0,"keys":[{"clickType":0,"deviceId":"io.github.sds100.keymapper.THIS_DEVICE","flags":1,"keyCode":57,"uid":"e4d15818-2060-4c0b-98c9-10427a75b51c"},{"clickType":0,"deviceId":"io.github.sds100.keymapper.THIS_DEVICE","flags":1,"keyCode":53,"uid":"1dd2a1b6-3710-402c-a075-66159cc83feb"}],"mode":1},"uid":"9cad5185-deae-42da-8118-b730c6712696"},{"actionList":[{"data":"67","extras":[],"flags":0,"type":"KEY_EVENT","uid":"cd9f71e5-56e3-48bb-b493-5d36d48b4108"},{"data":"81","extras":[],"flags":0,"type":"KEY_EVENT","uid":"f7c818d9-3dab-4ee6-ac40-0bd815e3532a"}],"constraintList":[],"constraintMode":1,"flags":0,"group_uid":"f6d3dc42-7da7-47a9-bd86-5f9c1c3e42ad","id":43,"isEnabled":true,"trigger":{"extras":[],"flags":0,"keys":[{"clickType":0,"deviceId":"io.github.sds100.keymapper.THIS_DEVICE","flags":1,"keyCode":57,"uid":"e4d15818-2060-4c0b-98c9-10427a75b51c"},{"clickType":0,"deviceId":"io.github.sds100.keymapper.THIS_DEVICE","flags":1,"keyCode":49,"uid":"bb135b03-4c54-45d8-b99d-5e9bd8436c52"}],"mode":1},"uid":"1ce19628-d217-4bc4-99f3-77f8efcd88b2"},{"actionList":[{"data":"81","extras":[{"data":"1","id":"extra_meta_state"}],"flags":0,"type":"KEY_EVENT","uid":"efc07269-2578-42ea-a0e0-c5de4e47ef59"}],"constraintList":[],"constraintMode":1,"flags":0,"group_uid":"f6d3dc42-7da7-47a9-bd86-5f9c1c3e42ad","id":44,"isEnabled":true,"trigger":{"extras":[],"flags":0,"keys":[{"clickType":0,"deviceId":"io.github.sds100.keymapper.THIS_DEVICE","flags":1,"keyCode":57,"uid":"e4d15818-2060-4c0b-98c9-10427a75b51c"},{"clickType":0,"deviceId":"io.github.sds100.keymapper.THIS_DEVICE","flags":1,"keyCode":49,"uid":"ba4f970c-5955-48ce-8b2b-a80689744085"}],"mode":0},"uid":"3eb120ef-14fa-47f0-a874-45ddfcb22137"},{"actionList":[{"data":"18","extras":[{"data":"1","id":"extra_meta_state"}],"flags":0,"type":"KEY_EVENT","uid":"efc07269-2578-42ea-a0e0-c5de4e47ef59"}],"constraintList":[],"constraintMode":1,"flags":0,"group_uid":"f6d3dc42-7da7-47a9-bd86-5f9c1c3e42ad","id":45,"isEnabled":true,"trigger":{"extras":[],"flags":0,"keys":[{"clickType":0,"deviceId":"io.github.sds100.keymapper.THIS_DEVICE","flags":1,"keyCode":57,"uid":"e4d15818-2060-4c0b-98c9-10427a75b51c"},{"clickType":0,"deviceId":"io.github.sds100.keymapper.THIS_DEVICE","flags":1,"keyCode":43,"uid":"dbbeb5ed-a16f-42b5-bdb9-56336a5715b6"}],"mode":0},"uid":"3501bac2-36a4-4730-af67-dd9cad7cde01"},{"actionList":[{"data":"67","extras":[],"flags":0,"type":"KEY_EVENT","uid":"cd9f71e5-56e3-48bb-b493-5d36d48b4108"},{"data":"18","extras":[],"flags":0,"type":"KEY_EVENT","uid":"f7c818d9-3dab-4ee6-ac40-0bd815e3532a"}],"constraintList":[],"constraintMode":1,"flags":0,"group_uid":"f6d3dc42-7da7-47a9-bd86-5f9c1c3e42ad","id":46,"isEnabled":true,"trigger":{"extras":[],"flags":0,"keys":[{"clickType":0,"deviceId":"io.github.sds100.keymapper.THIS_DEVICE","flags":1,"keyCode":57,"uid":"e4d15818-2060-4c0b-98c9-10427a75b51c"},{"clickType":0,"deviceId":"io.github.sds100.keymapper.THIS_DEVICE","flags":1,"keyCode":43,"uid":"120d79f8-0d86-4f07-8543-a01de94fd648"}],"mode":1},"uid":"b570747b-c6c7-4c11-a980-52f898bd6cdc"},{"actionList":[{"data":"67","extras":[],"flags":0,"type":"KEY_EVENT","uid":"cd9f71e5-56e3-48bb-b493-5d36d48b4108"},{"data":"11","extras":[{"data":"1","id":"extra_meta_state"}],"flags":0,"type":"KEY_EVENT","uid":"f7c818d9-3dab-4ee6-ac40-0bd815e3532a"}],"constraintList":[],"constraintMode":1,"flags":0,"group_uid":"f6d3dc42-7da7-47a9-bd86-5f9c1c3e42ad","id":47,"isEnabled":true,"trigger":{"extras":[],"flags":0,"keys":[{"clickType":0,"deviceId":"io.github.sds100.keymapper.THIS_DEVICE","flags":1,"keyCode":57,"uid":"e4d15818-2060-4c0b-98c9-10427a75b51c"},{"clickType":0,"deviceId":"io.github.sds100.keymapper.THIS_DEVICE","flags":1,"keyCode":44,"uid":"a19a6315-c9f8-453f-a775-602f81db3d20"}],"mode":1},"uid":"38a3fcf4-d4e2-498f-a793-8e29e12ed1f1"},{"actionList":[{"data":"11","extras":[{"data":"1","id":"extra_meta_state"}],"flags":0,"type":"KEY_EVENT","uid":"efc07269-2578-42ea-a0e0-c5de4e47ef59"}],"constraintList":[],"constraintMode":1,"flags":0,"group_uid":"f6d3dc42-7da7-47a9-bd86-5f9c1c3e42ad","id":48,"isEnabled":true,"trigger":{"extras":[],"flags":0,"keys":[{"clickType":0,"deviceId":"io.github.sds100.keymapper.THIS_DEVICE","flags":1,"keyCode":57,"uid":"e4d15818-2060-4c0b-98c9-10427a75b51c"},{"clickType":0,"deviceId":"io.github.sds100.keymapper.THIS_DEVICE","flags":1,"keyCode":44,"uid":"0ddb99b1-18e4-40b1-a7ad-efb8b24320c3"}],"mode":0},"uid":"ab96eea6-10bb-47e0-9e44-aab7c0483567"},{"actionList":[{"data":"11","extras":[],"flags":0,"type":"KEY_EVENT","uid":"efc07269-2578-42ea-a0e0-c5de4e47ef59"}],"constraintList":[],"constraintMode":1,"flags":0,"group_uid":"f6d3dc42-7da7-47a9-bd86-5f9c1c3e42ad","id":49,"isEnabled":true,"trigger":{"extras":[],"flags":0,"keys":[{"clickType":0,"deviceId":"io.github.sds100.keymapper.THIS_DEVICE","flags":1,"keyCode":57,"uid":"e4d15818-2060-4c0b-98c9-10427a75b51c"},{"clickType":0,"deviceId":"io.github.sds100.keymapper.THIS_DEVICE","flags":0,"keyCode":47,"uid":"bc0d0b1c-51bc-4dde-8c4a-6d204cee91a5"}],"mode":0},"uid":"895ce958-9157-448c-b4fe-d7813140f03c"},{"actionList":[{"data":"67","extras":[],"flags":0,"type":"KEY_EVENT","uid":"cd9f71e5-56e3-48bb-b493-5d36d48b4108"},{"data":"11","extras":[],"flags":0,"type":"KEY_EVENT","uid":"f7c818d9-3dab-4ee6-ac40-0bd815e3532a"}],"constraintList":[],"constraintMode":1,"flags":0,"group_uid":"f6d3dc42-7da7-47a9-bd86-5f9c1c3e42ad","id":50,"isEnabled":true,"trigger":{"extras":[],"flags":0,"keys":[{"clickType":0,"deviceId":"io.github.sds100.keymapper.THIS_DEVICE","flags":1,"keyCode":57,"uid":"e4d15818-2060-4c0b-98c9-10427a75b51c"},{"clickType":0,"deviceId":"io.github.sds100.keymapper.THIS_DEVICE","flags":0,"keyCode":47,"uid":"82483b33-19c1-46de-a187-067fa66e04ae"}],"mode":1},"uid":"26a78300-d81d-40b6-87e3-cd6222deb6e9"},{"actionList":[{"data":"67","extras":[],"flags":0,"type":"KEY_EVENT","uid":"cd9f71e5-56e3-48bb-b493-5d36d48b4108"},{"data":"12","extras":[],"flags":0,"type":"KEY_EVENT","uid":"f7c818d9-3dab-4ee6-ac40-0bd815e3532a"}],"constraintList":[],"constraintMode":1,"flags":0,"group_uid":"f6d3dc42-7da7-47a9-bd86-5f9c1c3e42ad","id":51,"isEnabled":true,"trigger":{"extras":[],"flags":0,"keys":[{"clickType":0,"deviceId":"io.github.sds100.keymapper.THIS_DEVICE","flags":1,"keyCode":57,"uid":"e4d15818-2060-4c0b-98c9-10427a75b51c"},{"clickType":0,"deviceId":"io.github.sds100.keymapper.THIS_DEVICE","flags":0,"keyCode":32,"uid":"8b15ebd4-134d-4a1b-b27b-8f24d00d3588"}],"mode":1},"uid":"665e0814-163a-479a-bb6b-5bb479ca6272"},{"actionList":[{"data":"12","extras":[],"flags":0,"type":"KEY_EVENT","uid":"efc07269-2578-42ea-a0e0-c5de4e47ef59"}],"constraintList":[],"constraintMode":1,"flags":0,"group_uid":"f6d3dc42-7da7-47a9-bd86-5f9c1c3e42ad","id":52,"isEnabled":true,"trigger":{"extras":[],"flags":0,"keys":[{"clickType":0,"deviceId":"io.github.sds100.keymapper.THIS_DEVICE","flags":1,"keyCode":57,"uid":"e4d15818-2060-4c0b-98c9-10427a75b51c"},{"clickType":0,"deviceId":"io.github.sds100.keymapper.THIS_DEVICE","flags":0,"keyCode":32,"uid":"d786389e-66b8-40a0-ae3e-9b76bd53d483"}],"mode":0},"uid":"d728f780-6af7-4394-a3b1-36818789d277"},{"actionList":[{"data":"13","extras":[],"flags":0,"type":"KEY_EVENT","uid":"efc07269-2578-42ea-a0e0-c5de4e47ef59"}],"constraintList":[],"constraintMode":1,"flags":0,"group_uid":"f6d3dc42-7da7-47a9-bd86-5f9c1c3e42ad","id":53,"isEnabled":true,"trigger":{"extras":[],"flags":0,"keys":[{"clickType":0,"deviceId":"io.github.sds100.keymapper.THIS_DEVICE","flags":1,"keyCode":57,"uid":"e4d15818-2060-4c0b-98c9-10427a75b51c"},{"clickType":0,"deviceId":"io.github.sds100.keymapper.THIS_DEVICE","flags":1,"keyCode":34,"uid":"5f173bc7-7a8d-40d7-b9f5-ab71184803a8"}],"mode":0},"uid":"4bb66312-cf23-4395-81ec-1cb1c14ebf93"},{"actionList":[{"data":"67","extras":[],"flags":0,"type":"KEY_EVENT","uid":"cd9f71e5-56e3-48bb-b493-5d36d48b4108"},{"data":"13","extras":[],"flags":0,"type":"KEY_EVENT","uid":"f7c818d9-3dab-4ee6-ac40-0bd815e3532a"}],"constraintList":[],"constraintMode":1,"flags":0,"group_uid":"f6d3dc42-7da7-47a9-bd86-5f9c1c3e42ad","id":54,"isEnabled":true,"trigger":{"extras":[],"flags":0,"keys":[{"clickType":0,"deviceId":"io.github.sds100.keymapper.THIS_DEVICE","flags":1,"keyCode":57,"uid":"e4d15818-2060-4c0b-98c9-10427a75b51c"},{"clickType":0,"deviceId":"io.github.sds100.keymapper.THIS_DEVICE","flags":1,"keyCode":34,"uid":"14a5c38a-94ff-4ea8-8817-ac8e578ffd4a"}],"mode":1},"uid":"5b5e5e63-4fb2-4667-bfb1-de072fd586c4"},{"actionList":[{"data":"67","extras":[],"flags":0,"type":"KEY_EVENT","uid":"cd9f71e5-56e3-48bb-b493-5d36d48b4108"},{"data":"70","extras":[],"flags":0,"type":"KEY_EVENT","uid":"f7c818d9-3dab-4ee6-ac40-0bd815e3532a"}],"constraintList":[],"constraintMode":1,"flags":0,"group_uid":"f6d3dc42-7da7-47a9-bd86-5f9c1c3e42ad","id":55,"isEnabled":true,"trigger":{"extras":[],"flags":0,"keys":[{"clickType":0,"deviceId":"io.github.sds100.keymapper.THIS_DEVICE","flags":1,"keyCode":57,"uid":"e4d15818-2060-4c0b-98c9-10427a75b51c"},{"clickType":0,"deviceId":"io.github.sds100.keymapper.THIS_DEVICE","flags":1,"keyCode":35,"uid":"f8c4201c-714f-4ec9-89c3-b5623f15f46f"}],"mode":1},"uid":"1b25864f-aca9-4f29-ac90-fae899600860"},{"actionList":[{"data":"70","extras":[],"flags":0,"type":"KEY_EVENT","uid":"efc07269-2578-42ea-a0e0-c5de4e47ef59"}],"constraintList":[],"constraintMode":1,"flags":0,"group_uid":"f6d3dc42-7da7-47a9-bd86-5f9c1c3e42ad","id":56,"isEnabled":true,"trigger":{"extras":[],"flags":0,"keys":[{"clickType":0,"deviceId":"io.github.sds100.keymapper.THIS_DEVICE","flags":1,"keyCode":57,"uid":"e4d15818-2060-4c0b-98c9-10427a75b51c"},{"clickType":0,"deviceId":"io.github.sds100.keymapper.THIS_DEVICE","flags":1,"keyCode":35,"uid":"67c5db5c-2bce-4861-9e30-632daa67f9e1"}],"mode":0},"uid":"1f205dbe-7bd9-4de2-a664-2dea7ba9067d"},{"actionList":[{"data":"74","extras":[{"data":"1","id":"extra_meta_state"}],"flags":0,"type":"KEY_EVENT","uid":"efc07269-2578-42ea-a0e0-c5de4e47ef59"}],"constraintList":[],"constraintMode":1,"flags":0,"group_uid":"f6d3dc42-7da7-47a9-bd86-5f9c1c3e42ad","id":57,"isEnabled":true,"trigger":{"extras":[],"flags":0,"keys":[{"clickType":0,"deviceId":"io.github.sds100.keymapper.THIS_DEVICE","flags":1,"keyCode":57,"uid":"e4d15818-2060-4c0b-98c9-10427a75b51c"},{"clickType":0,"deviceId":"io.github.sds100.keymapper.THIS_DEVICE","flags":1,"keyCode":36,"uid":"1b5bb24c-1ad9-472a-8b2d-4ba4febbb8bb"}],"mode":0},"uid":"8945dc59-8826-4897-85a7-0c9cb0cb8e73"},{"actionList":[{"data":"67","extras":[],"flags":0,"type":"KEY_EVENT","uid":"cd9f71e5-56e3-48bb-b493-5d36d48b4108"},{"data":"74","extras":[{"data":"1","id":"extra_meta_state"}],"flags":0,"type":"KEY_EVENT","uid":"f7c818d9-3dab-4ee6-ac40-0bd815e3532a"}],"constraintList":[],"constraintMode":1,"flags":0,"group_uid":"f6d3dc42-7da7-47a9-bd86-5f9c1c3e42ad","id":58,"isEnabled":true,"trigger":{"extras":[],"flags":0,"keys":[{"clickType":0,"deviceId":"io.github.sds100.keymapper.THIS_DEVICE","flags":1,"keyCode":57,"uid":"e4d15818-2060-4c0b-98c9-10427a75b51c"},{"clickType":0,"deviceId":"io.github.sds100.keymapper.THIS_DEVICE","flags":1,"keyCode":36,"uid":"d020e9e3-2ccf-4231-b234-0081cc43723b"}],"mode":1},"uid":"6cdb988c-cd8d-4e81-9ce7-adc9f9e3f4b4"},{"actionList":[{"data":"67","extras":[],"flags":0,"type":"KEY_EVENT","uid":"cd9f71e5-56e3-48bb-b493-5d36d48b4108"},{"data":"74","extras":[],"flags":0,"type":"KEY_EVENT","uid":"f7c818d9-3dab-4ee6-ac40-0bd815e3532a"}],"constraintList":[],"constraintMode":1,"flags":0,"group_uid":"f6d3dc42-7da7-47a9-bd86-5f9c1c3e42ad","id":59,"isEnabled":true,"trigger":{"extras":[],"flags":0,"keys":[{"clickType":0,"deviceId":"io.github.sds100.keymapper.THIS_DEVICE","flags":1,"keyCode":57,"uid":"e4d15818-2060-4c0b-98c9-10427a75b51c"},{"clickType":0,"deviceId":"io.github.sds100.keymapper.THIS_DEVICE","flags":1,"keyCode":38,"uid":"3582390b-6188-4d17-8f1d-92a1dec95ad0"}],"mode":1},"uid":"946d77cd-da4a-41be-a46c-4f59db9c8f03"},{"actionList":[{"data":"74","extras":[],"flags":0,"type":"KEY_EVENT","uid":"efc07269-2578-42ea-a0e0-c5de4e47ef59"}],"constraintList":[],"constraintMode":1,"flags":0,"group_uid":"f6d3dc42-7da7-47a9-bd86-5f9c1c3e42ad","id":60,"isEnabled":true,"trigger":{"extras":[],"flags":0,"keys":[{"clickType":0,"deviceId":"io.github.sds100.keymapper.THIS_DEVICE","flags":1,"keyCode":57,"uid":"e4d15818-2060-4c0b-98c9-10427a75b51c"},{"clickType":0,"deviceId":"io.github.sds100.keymapper.THIS_DEVICE","flags":1,"keyCode":38,"uid":"5151bd8f-5096-41eb-9659-477cb7cb2c12"}],"mode":0},"uid":"6f297124-a60f-4221-8541-2132ce4dc4fe"},{"actionList":[{"data":"75","extras":[],"flags":0,"type":"KEY_EVENT","uid":"efc07269-2578-42ea-a0e0-c5de4e47ef59"}],"constraintList":[],"constraintMode":1,"flags":0,"group_uid":"f6d3dc42-7da7-47a9-bd86-5f9c1c3e42ad","id":61,"isEnabled":true,"trigger":{"extras":[],"flags":0,"keys":[{"clickType":0,"deviceId":"io.github.sds100.keymapper.THIS_DEVICE","flags":1,"keyCode":57,"uid":"e4d15818-2060-4c0b-98c9-10427a75b51c"},{"clickType":0,"deviceId":"io.github.sds100.keymapper.THIS_DEVICE","flags":0,"keyCode":39,"uid":"a6b97248-6943-48c0-ad12-514e24eb345b"}],"mode":0},"uid":"41894e82-3ffe-4e35-a756-a1d1c35bfb24"},{"actionList":[{"data":"67","extras":[],"flags":0,"type":"KEY_EVENT","uid":"cd9f71e5-56e3-48bb-b493-5d36d48b4108"},{"data":"75","extras":[],"flags":0,"type":"KEY_EVENT","uid":"f7c818d9-3dab-4ee6-ac40-0bd815e3532a"}],"constraintList":[],"constraintMode":1,"flags":0,"group_uid":"f6d3dc42-7da7-47a9-bd86-5f9c1c3e42ad","id":62,"isEnabled":true,"trigger":{"extras":[],"flags":0,"keys":[{"clickType":0,"deviceId":"io.github.sds100.keymapper.THIS_DEVICE","flags":1,"keyCode":57,"uid":"e4d15818-2060-4c0b-98c9-10427a75b51c"},{"clickType":0,"deviceId":"io.github.sds100.keymapper.THIS_DEVICE","flags":0,"keyCode":39,"uid":"6966ea95-a7b8-47ec-a74b-02cb3f7e8227"}],"mode":1},"uid":"7733e5f3-02eb-43fe-a6be-7e8ba29fb395"},{"actionList":[{"data":"67","extras":[],"flags":0,"type":"KEY_EVENT","uid":"cd9f71e5-56e3-48bb-b493-5d36d48b4108"},{"data":"75","extras":[{"data":"1","id":"extra_meta_state"}],"flags":0,"type":"KEY_EVENT","uid":"f7c818d9-3dab-4ee6-ac40-0bd815e3532a"}],"constraintList":[],"constraintMode":1,"flags":0,"group_uid":"f6d3dc42-7da7-47a9-bd86-5f9c1c3e42ad","id":63,"isEnabled":true,"trigger":{"extras":[],"flags":0,"keys":[{"clickType":0,"deviceId":"io.github.sds100.keymapper.THIS_DEVICE","flags":1,"keyCode":57,"uid":"e4d15818-2060-4c0b-98c9-10427a75b51c"},{"clickType":0,"deviceId":"io.github.sds100.keymapper.THIS_DEVICE","flags":1,"keyCode":40,"uid":"1aa7f8cd-0f2c-432b-8957-61fe255f07ed"}],"mode":1},"uid":"b690f00d-965a-48aa-bf46-103a72447066"},{"actionList":[{"data":"75","extras":[{"data":"1","id":"extra_meta_state"}],"flags":0,"type":"KEY_EVENT","uid":"efc07269-2578-42ea-a0e0-c5de4e47ef59"}],"constraintList":[],"constraintMode":1,"flags":0,"group_uid":"f6d3dc42-7da7-47a9-bd86-5f9c1c3e42ad","id":64,"isEnabled":true,"trigger":{"extras":[],"flags":0,"keys":[{"clickType":0,"deviceId":"io.github.sds100.keymapper.THIS_DEVICE","flags":1,"keyCode":57,"uid":"e4d15818-2060-4c0b-98c9-10427a75b51c"},{"clickType":0,"deviceId":"io.github.sds100.keymapper.THIS_DEVICE","flags":1,"keyCode":40,"uid":"0c0ce04c-b3a0-4dec-9ce5-fb86ab20b4e6"}],"mode":0},"uid":"2990a4f7-f813-407b-811c-e69dce82809b"},{"actionList":[{"data":"14","extras":[],"flags":0,"type":"KEY_EVENT","uid":"efc07269-2578-42ea-a0e0-c5de4e47ef59"}],"constraintList":[],"constraintMode":1,"flags":0,"group_uid":"f6d3dc42-7da7-47a9-bd86-5f9c1c3e42ad","id":65,"isEnabled":true,"trigger":{"extras":[],"flags":0,"keys":[{"clickType":0,"deviceId":"io.github.sds100.keymapper.THIS_DEVICE","flags":1,"keyCode":57,"uid":"e4d15818-2060-4c0b-98c9-10427a75b51c"},{"clickType":0,"deviceId":"io.github.sds100.keymapper.THIS_DEVICE","flags":1,"keyCode":54,"uid":"4839f2da-3f44-4444-b048-1a23106f31c4"}],"mode":0},"uid":"8d973ad2-ad35-44c1-8b70-7df675966df8"},{"actionList":[{"data":"67","extras":[],"flags":0,"type":"KEY_EVENT","uid":"cd9f71e5-56e3-48bb-b493-5d36d48b4108"},{"data":"14","extras":[],"flags":0,"type":"KEY_EVENT","uid":"f7c818d9-3dab-4ee6-ac40-0bd815e3532a"}],"constraintList":[],"constraintMode":1,"flags":0,"group_uid":"f6d3dc42-7da7-47a9-bd86-5f9c1c3e42ad","id":66,"isEnabled":true,"trigger":{"extras":[],"flags":0,"keys":[{"clickType":0,"deviceId":"io.github.sds100.keymapper.THIS_DEVICE","flags":1,"keyCode":57,"uid":"e4d15818-2060-4c0b-98c9-10427a75b51c"},{"clickType":0,"deviceId":"io.github.sds100.keymapper.THIS_DEVICE","flags":1,"keyCode":54,"uid":"c42e6f16-cbbf-4bf8-86bd-fed277d45e78"}],"mode":1},"uid":"a6d270f8-fe10-4fc3-acac-6eb11b259bd2"},{"actionList":[{"data":"67","extras":[],"flags":0,"type":"KEY_EVENT","uid":"cd9f71e5-56e3-48bb-b493-5d36d48b4108"},{"data":"15","extras":[],"flags":0,"type":"KEY_EVENT","uid":"f7c818d9-3dab-4ee6-ac40-0bd815e3532a"}],"constraintList":[],"constraintMode":1,"flags":0,"group_uid":"f6d3dc42-7da7-47a9-bd86-5f9c1c3e42ad","id":67,"isEnabled":true,"trigger":{"extras":[],"flags":0,"keys":[{"clickType":0,"deviceId":"io.github.sds100.keymapper.THIS_DEVICE","flags":1,"keyCode":57,"uid":"e4d15818-2060-4c0b-98c9-10427a75b51c"},{"clickType":0,"deviceId":"io.github.sds100.keymapper.THIS_DEVICE","flags":1,"keyCode":52,"uid":"820cd37a-67a4-493b-8585-c14c1384edbe"}],"mode":1},"uid":"f2ed6820-9c9e-4360-b837-0daefad383ff"},{"actionList":[{"data":"15","extras":[],"flags":0,"type":"KEY_EVENT","uid":"efc07269-2578-42ea-a0e0-c5de4e47ef59"}],"constraintList":[],"constraintMode":1,"flags":0,"group_uid":"f6d3dc42-7da7-47a9-bd86-5f9c1c3e42ad","id":68,"isEnabled":true,"trigger":{"extras":[],"flags":0,"keys":[{"clickType":0,"deviceId":"io.github.sds100.keymapper.THIS_DEVICE","flags":1,"keyCode":57,"uid":"e4d15818-2060-4c0b-98c9-10427a75b51c"},{"clickType":0,"deviceId":"io.github.sds100.keymapper.THIS_DEVICE","flags":0,"keyCode":52,"uid":"26d3f9fd-1172-47d7-953c-40b12cb426ae"}],"mode":0},"uid":"0859ac68-9d85-42e2-97c8-59f1593614eb"},{"actionList":[{"data":"16","extras":[],"flags":0,"type":"KEY_EVENT","uid":"efc07269-2578-42ea-a0e0-c5de4e47ef59"}],"constraintList":[],"constraintMode":1,"flags":0,"group_uid":"f6d3dc42-7da7-47a9-bd86-5f9c1c3e42ad","id":69,"isEnabled":true,"trigger":{"extras":[],"flags":0,"keys":[{"clickType":0,"deviceId":"io.github.sds100.keymapper.THIS_DEVICE","flags":1,"keyCode":57,"uid":"e4d15818-2060-4c0b-98c9-10427a75b51c"},{"clickType":0,"deviceId":"io.github.sds100.keymapper.THIS_DEVICE","flags":0,"keyCode":31,"uid":"e1a96439-f410-496b-abdf-ea9f0fb601c0"}],"mode":0},"uid":"eaf68945-6401-4c69-bc8e-c6e53ffb379b"},{"actionList":[{"data":"67","extras":[],"flags":0,"type":"KEY_EVENT","uid":"cd9f71e5-56e3-48bb-b493-5d36d48b4108"},{"data":"16","extras":[],"flags":0,"type":"KEY_EVENT","uid":"f7c818d9-3dab-4ee6-ac40-0bd815e3532a"}],"constraintList":[],"constraintMode":1,"flags":0,"group_uid":"f6d3dc42-7da7-47a9-bd86-5f9c1c3e42ad","id":70,"isEnabled":true,"trigger":{"extras":[],"flags":0,"keys":[{"clickType":0,"deviceId":"io.github.sds100.keymapper.THIS_DEVICE","flags":1,"keyCode":57,"uid":"e4d15818-2060-4c0b-98c9-10427a75b51c"},{"clickType":0,"deviceId":"io.github.sds100.keymapper.THIS_DEVICE","flags":0,"keyCode":31,"uid":"60397ac9-ded9-4455-9c3e-d30dc77089b2"}],"mode":1},"uid":"370d9e6d-c2b9-4b12-b6d1-7ad67a8f2a93"},{"actionList":[{"data":"67","extras":[],"flags":0,"type":"KEY_EVENT","uid":"cd9f71e5-56e3-48bb-b493-5d36d48b4108"},{"data":"8","extras":[{"data":"1","id":"extra_meta_state"}],"flags":0,"type":"KEY_EVENT","uid":"f7c818d9-3dab-4ee6-ac40-0bd815e3532a"}],"constraintList":[],"constraintMode":1,"flags":0,"group_uid":"f6d3dc42-7da7-47a9-bd86-5f9c1c3e42ad","id":71,"isEnabled":true,"trigger":{"extras":[],"flags":0,"keys":[{"clickType":0,"deviceId":"io.github.sds100.keymapper.THIS_DEVICE","flags":1,"keyCode":57,"uid":"e4d15818-2060-4c0b-98c9-10427a75b51c"},{"clickType":0,"deviceId":"io.github.sds100.keymapper.THIS_DEVICE","flags":0,"keyCode":37,"uid":"5ccf64aa-8bea-4e9b-8921-1f5f7f142c68"}],"mode":1},"uid":"ce5688d4-0e42-4f3a-805a-311157c949b4"},{"actionList":[{"data":"8","extras":[{"data":"1","id":"extra_meta_state"}],"flags":0,"type":"KEY_EVENT","uid":"efc07269-2578-42ea-a0e0-c5de4e47ef59"}],"constraintList":[],"constraintMode":1,"flags":0,"group_uid":"f6d3dc42-7da7-47a9-bd86-5f9c1c3e42ad","id":72,"isEnabled":true,"trigger":{"extras":[],"flags":0,"keys":[{"clickType":0,"deviceId":"io.github.sds100.keymapper.THIS_DEVICE","flags":1,"keyCode":57,"uid":"e4d15818-2060-4c0b-98c9-10427a75b51c"},{"clickType":0,"deviceId":"io.github.sds100.keymapper.THIS_DEVICE","flags":0,"keyCode":37,"uid":"5d5ace15-cb00-4747-8bc1-c75641e0ccd6"}],"mode":0},"uid":"de175481-302b-4f2f-85bf-15cfdb7516cb"},{"actionList":[{"data":"67","extras":[],"flags":0,"type":"KEY_EVENT","uid":"cd9f71e5-56e3-48bb-b493-5d36d48b4108"},{"data":"17","extras":[],"flags":0,"type":"KEY_EVENT","uid":"f7c818d9-3dab-4ee6-ac40-0bd815e3532a"}],"constraintList":[],"constraintMode":1,"flags":0,"group_uid":"f6d3dc42-7da7-47a9-bd86-5f9c1c3e42ad","id":73,"isEnabled":true,"trigger":{"extras":[],"flags":0,"keys":[{"clickType":0,"deviceId":"io.github.sds100.keymapper.THIS_DEVICE","flags":1,"keyCode":57,"uid":"e4d15818-2060-4c0b-98c9-10427a75b51c"},{"clickType":0,"deviceId":"io.github.sds100.keymapper.THIS_DEVICE","flags":1,"keyCode":50,"uid":"99c7eb3e-914e-46a0-b74f-71579448d876"}],"mode":1},"uid":"253187a1-4941-417e-b3e9-1bd47d204cac"},{"actionList":[{"data":"17","extras":[],"flags":0,"type":"KEY_EVENT","uid":"efc07269-2578-42ea-a0e0-c5de4e47ef59"}],"constraintList":[],"constraintMode":1,"flags":0,"group_uid":"f6d3dc42-7da7-47a9-bd86-5f9c1c3e42ad","id":74,"isEnabled":true,"trigger":{"extras":[],"flags":0,"keys":[{"clickType":0,"deviceId":"io.github.sds100.keymapper.THIS_DEVICE","flags":1,"keyCode":57,"uid":"e4d15818-2060-4c0b-98c9-10427a75b51c"},{"clickType":0,"deviceId":"io.github.sds100.keymapper.THIS_DEVICE","flags":1,"keyCode":50,"uid":"b90a8d38-9982-4f8b-acb6-d6abb23ab764"}],"mode":0},"uid":"a6cde022-c940-474b-a64b-cba2716b665f"},{"actionList":[{"data":"12","extras":[{"data":"1","id":"extra_meta_state"}],"flags":0,"type":"KEY_EVENT","uid":"efc07269-2578-42ea-a0e0-c5de4e47ef59"}],"constraintList":[],"constraintMode":1,"flags":0,"group_uid":"f6d3dc42-7da7-47a9-bd86-5f9c1c3e42ad","id":75,"isEnabled":true,"trigger":{"extras":[],"flags":0,"keys":[{"clickType":0,"deviceId":"io.github.sds100.keymapper.THIS_DEVICE","flags":1,"keyCode":57,"uid":"e4d15818-2060-4c0b-98c9-10427a75b51c"},{"clickType":0,"deviceId":"io.github.sds100.keymapper.THIS_DEVICE","flags":1,"keyCode":30,"uid":"37b713a9-f291-4f5d-9f66-cbc326e91a7a"}],"mode":0},"uid":"4387036d-31f6-4f80-b859-3337221ed2e2"},{"actionList":[{"data":"67","extras":[],"flags":0,"type":"KEY_EVENT","uid":"cd9f71e5-56e3-48bb-b493-5d36d48b4108"},{"data":"12","extras":[{"data":"1","id":"extra_meta_state"}],"flags":0,"type":"KEY_EVENT","uid":"f7c818d9-3dab-4ee6-ac40-0bd815e3532a"}],"constraintList":[],"constraintMode":1,"flags":0,"group_uid":"f6d3dc42-7da7-47a9-bd86-5f9c1c3e42ad","id":76,"isEnabled":true,"trigger":{"extras":[],"flags":0,"keys":[{"clickType":0,"deviceId":"io.github.sds100.keymapper.THIS_DEVICE","flags":1,"keyCode":57,"uid":"e4d15818-2060-4c0b-98c9-10427a75b51c"},{"clickType":0,"deviceId":"io.github.sds100.keymapper.THIS_DEVICE","flags":1,"keyCode":30,"uid":"bc06c659-9d73-4e2a-9499-61d0fbab64e4"}],"mode":1},"uid":"677efe68-ccfe-4ee3-a24d-6a4bcd3aaaac"},{"actionList":[{"data":"55","extras":[],"flags":0,"type":"KEY_EVENT","uid":"efc07269-2578-42ea-a0e0-c5de4e47ef59"}],"constraintList":[],"constraintMode":1,"flags":0,"group_uid":"f6d3dc42-7da7-47a9-bd86-5f9c1c3e42ad","id":79,"isEnabled":true,"trigger":{"extras":[],"flags":0,"keys":[{"clickType":0,"deviceId":"io.github.sds100.keymapper.THIS_DEVICE","flags":1,"keyCode":57,"uid":"e4d15818-2060-4c0b-98c9-10427a75b51c"},{"clickType":0,"deviceId":"io.github.sds100.keymapper.THIS_DEVICE","flags":1,"keyCode":41,"uid":"e262a83c-43cd-4bd1-bd9a-9456aa1a73d3"}],"mode":1},"uid":"e0319381-16fb-4cf4-8f1c-84a069eeb718"},{"actionList":[{"data":"67","extras":[],"flags":0,"type":"KEY_EVENT","uid":"cd9f71e5-56e3-48bb-b493-5d36d48b4108"},{"data":"55","extras":[],"flags":0,"type":"KEY_EVENT","uid":"f7c818d9-3dab-4ee6-ac40-0bd815e3532a"}],"constraintList":[],"constraintMode":1,"flags":0,"group_uid":"f6d3dc42-7da7-47a9-bd86-5f9c1c3e42ad","id":80,"isEnabled":true,"trigger":{"extras":[],"flags":0,"keys":[{"clickType":0,"deviceId":"io.github.sds100.keymapper.THIS_DEVICE","flags":1,"keyCode":57,"uid":"e4d15818-2060-4c0b-98c9-10427a75b51c"},{"clickType":0,"deviceId":"io.github.sds100.keymapper.THIS_DEVICE","flags":1,"keyCode":41,"uid":"8e68c04b-49ea-45f2-b43d-525b8c117c53"}],"mode":1},"uid":"ab4474e0-4055-4bc7-a1da-8960a57bfef2"},{"actionList":[{"data":"switch_keyboard","extras":[{"data":"com.google.android.tts/com.google.android.apps.speech.tts.googletts.settings.asr.voiceime.VoiceInputMethodService","id":"extra_ime_id"},{"data":"Google Voice Typing","id":"extra_ime_name"}],"flags":0,"type":"SYSTEM_ACTION","uid":"fda69737-a500-4ace-9b5f-d014cce2b7d1"}],"constraintList":[],"constraintMode":1,"flags":0,"group_uid":"f6d3dc42-7da7-47a9-bd86-5f9c1c3e42ad","id":81,"isEnabled":true,"trigger":{"extras":[],"flags":0,"keys":[{"clickType":0,"deviceId":"io.github.sds100.keymapper.THIS_DEVICE","flags":1,"keyCode":57,"uid":"e4d15818-2060-4c0b-98c9-10427a75b51c"},{"clickType":0,"deviceId":"io.github.sds100.keymapper.THIS_DEVICE","flags":0,"keyCode":667,"uid":"b9256559-3aec-4366-9fa6-96e685606255"}],"mode":1},"uid":"80b12c4b-7644-4779-9c6c-3788e9da0c7f"},{"actionList":[{"data":"switch_keyboard","extras":[{"data":"com.google.android.tts/com.google.android.apps.speech.tts.googletts.settings.asr.voiceime.VoiceInputMethodService","id":"extra_ime_id"},{"data":"Google Voice Typing","id":"extra_ime_name"}],"flags":0,"type":"SYSTEM_ACTION","uid":"f267a4c1-c03e-40a4-b027-6c27b97ef0cf"}],"constraintList":[],"constraintMode":1,"flags":0,"group_uid":"f6d3dc42-7da7-47a9-bd86-5f9c1c3e42ad","id":82,"isEnabled":true,"trigger":{"extras":[],"flags":0,"keys":[{"clickType":0,"deviceId":"io.github.sds100.keymapper.THIS_DEVICE","flags":1,"keyCode":57,"uid":"e4d15818-2060-4c0b-98c9-10427a75b51c"},{"clickType":0,"deviceId":"io.github.sds100.keymapper.THIS_DEVICE","flags":0,"keyCode":667,"uid":"7f27e4e4-5080-4afa-b469-4e6fefd96ddb"}],"mode":1},"uid":"aeb0791f-fc32-418b-9c2d-a0ea17d00a2e"},{"actionList":[{"data":"56","extras":[],"flags":4,"type":"KEY_EVENT","uid":"79d25353-6f44-42e2-9029-faeb2a431dec"}],"constraintList":[],"constraintMode":1,"flags":0,"group_uid":"f6d3dc42-7da7-47a9-bd86-5f9c1c3e42ad","id":83,"isEnabled":true,"trigger":{"extras":[],"flags":0,"keys":[{"clickType":0,"deviceId":"io.github.sds100.keymapper.THIS_DEVICE","flags":0,"keyCode":667,"uid":"74016b88-f268-4cc0-9264-73469334340f"}],"mode":2},"uid":"4e407e79-efe8-4a86-a755-4cc3d4299e17"},{"actionList":[{"data":"47","extras":[],"flags":4,"type":"KEY_EVENT","uid":"0962b301-1c90-4f14-94cd-0aae5a0c582f"}],"constraintList":[],"constraintMode":1,"flags":0,"group_uid":"f6d3dc42-7da7-47a9-bd86-5f9c1c3e42ad","id":84,"isEnabled":true,"trigger":{"extras":[],"flags":0,"keys":[{"clickType":0,"deviceId":"io.github.sds100.keymapper.THIS_DEVICE","flags":0,"keyCode":47,"uid":"b57a1836-762e-4b0e-95a0-4beced6b4e2e"}],"mode":2},"uid":"af76b553-464b-4815-83df-4ce7af2d3574"},{"actionList":[{"data":"32","extras":[],"flags":4,"type":"KEY_EVENT","uid":"d10c47d7-4681-4d87-9fd8-666ed7f83e17"}],"constraintList":[],"constraintMode":1,"flags":0,"group_uid":"f6d3dc42-7da7-47a9-bd86-5f9c1c3e42ad","id":85,"isEnabled":true,"trigger":{"extras":[],"flags":0,"keys":[{"clickType":0,"deviceId":"io.github.sds100.keymapper.THIS_DEVICE","flags":0,"keyCode":32,"uid":"bf6e8194-d517-4ae5-98b3-db90c8c3a38d"}],"mode":2},"uid":"5d1bd849-5cab-44e1-9870-a66953a4a5ec"},{"actionList":[{"data":"39","extras":[],"flags":4,"type":"KEY_EVENT","uid":"310604d2-93a9-43ea-968a-63d95c4daff0"}],"constraintList":[],"constraintMode":1,"flags":0,"group_uid":"f6d3dc42-7da7-47a9-bd86-5f9c1c3e42ad","id":86,"isEnabled":true,"trigger":{"extras":[],"flags":0,"keys":[{"clickType":0,"deviceId":"io.github.sds100.keymapper.THIS_DEVICE","flags":0,"keyCode":39,"uid":"e2e78449-59da-4891-83bc-a170c5f7cf22"}],"mode":2},"uid":"654cdda9-c65d-4e93-9235-9f7ec50589e7"},{"actionList":[{"data":"48","extras":[],"flags":4,"type":"KEY_EVENT","uid":"fb7d3fef-fe9d-4e12-9c15-ca481754a2a4"}],"constraintList":[],"constraintMode":1,"flags":0,"group_uid":"f6d3dc42-7da7-47a9-bd86-5f9c1c3e42ad","id":87,"isEnabled":true,"trigger":{"extras":[],"flags":0,"keys":[{"clickType":0,"deviceId":"io.github.sds100.keymapper.THIS_DEVICE","flags":0,"keyCode":48,"uid":"d8115989-1b3d-423d-96f1-b69aeb1cde29"}],"mode":2},"uid":"83f2f946-aee5-43b8-94be-36b8463bad40"},{"actionList":[{"data":"31","extras":[],"flags":4,"type":"KEY_EVENT","uid":"df58c4ac-d9c0-4753-a8e5-aa40266669c4"}],"constraintList":[],"constraintMode":1,"flags":0,"group_uid":"f6d3dc42-7da7-47a9-bd86-5f9c1c3e42ad","id":88,"isEnabled":true,"trigger":{"extras":[],"flags":0,"keys":[{"clickType":0,"deviceId":"io.github.sds100.keymapper.THIS_DEVICE","flags":0,"keyCode":31,"uid":"422a6d01-875d-4874-b44b-a6b7af05f8a6"}],"mode":2},"uid":"ea64c3cd-fbf3-40c4-9f95-665e90512c41"},{"actionList":[{"data":"42","extras":[],"flags":4,"type":"KEY_EVENT","uid":"22787260-c376-4b3e-82ab-d42bf5da14d6"}],"constraintList":[],"constraintMode":1,"flags":0,"group_uid":"f6d3dc42-7da7-47a9-bd86-5f9c1c3e42ad","id":90,"isEnabled":true,"trigger":{"extras":[],"flags":0,"keys":[{"clickType":0,"deviceId":"io.github.sds100.keymapper.THIS_DEVICE","flags":0,"keyCode":42,"uid":"2c1e249b-6941-4f43-9644-31e2b594adeb"}],"mode":2},"uid":"30ebb172-5011-4699-bbc1-5f0093b0476f"},{"actionList":[{"data":"76","extras":[{"data":"1","id":"extra_meta_state"}],"flags":0,"type":"KEY_EVENT","uid":"b8334674-b136-41e8-8f91-e687225b726a"}],"constraintList":[],"constraintMode":1,"flags":0,"group_uid":"f6d3dc42-7da7-47a9-bd86-5f9c1c3e42ad","id":91,"isEnabled":true,"trigger":{"extras":[],"flags":0,"keys":[{"clickType":0,"deviceId":"io.github.sds100.keymapper.THIS_DEVICE","flags":1,"keyCode":57,"uid":"cd761bdc-69b5-439c-990e-3ac16911c412"},{"clickType":0,"deviceId":"io.github.sds100.keymapper.THIS_DEVICE","flags":0,"keyCode":42,"uid":"3d0bbd9e-44b7-4efd-9181-da3ee877d57a"}],"mode":1},"uid":"f384d169-ea81-4d48-a578-38610e5be714"},{"actionList":[{"data":"76","extras":[{"data":"1","id":"extra_meta_state"}],"flags":0,"type":"KEY_EVENT","uid":"b8334674-b136-41e8-8f91-e687225b726a"}],"constraintList":[],"constraintMode":1,"flags":0,"group_uid":"f6d3dc42-7da7-47a9-bd86-5f9c1c3e42ad","id":92,"isEnabled":true,"trigger":{"extras":[],"flags":0,"keys":[{"clickType":0,"deviceId":"io.github.sds100.keymapper.THIS_DEVICE","flags":1,"keyCode":57,"uid":"cd761bdc-69b5-439c-990e-3ac16911c412"},{"clickType":0,"deviceId":"io.github.sds100.keymapper.THIS_DEVICE","flags":0,"keyCode":42,"uid":"3d0bbd9e-44b7-4efd-9181-da3ee877d57a"}],"mode":0},"uid":"e8c977e0-3f61-4e74-a7af-894299d5f906"},{"actionList":[{"data":"29","extras":[{"data":"4096","id":"extra_meta_state"}],"flags":4,"type":"KEY_EVENT","uid":"1083b239-51aa-49a2-8885-b12dc6ac0659"}],"constraintList":[],"constraintMode":1,"flags":0,"group_uid":"1f8c6442-8303-4e69-aee3-c056642e8ef0","id":93,"isEnabled":true,"trigger":{"extras":[],"flags":0,"keys":[{"clickType":0,"deviceId":"io.github.sds100.keymapper.THIS_DEVICE","flags":0,"keyCode":666,"uid":"661c8c32-f358-4b96-828e-7bc4521c8702"},{"clickType":0,"deviceId":"io.github.sds100.keymapper.THIS_DEVICE","flags":0,"keyCode":29,"uid":"8f0ddba6-f80a-4208-940b-13fb85b283b6"}],"mode":0},"uid":"c6c4577d-66ce-44b0-8a23-7fbcf0f90a3b"},{"actionList":[{"data":"67","extras":[],"flags":0,"type":"KEY_EVENT","uid":"e628f1be-041c-4571-8af0-f0a80a3dfc54"},{"data":"67","extras":[],"flags":0,"type":"KEY_EVENT","uid":"f514aa14-1d8f-4a9a-9328-e9348a49e4f2"},{"data":"56","extras":[],"flags":0,"type":"KEY_EVENT","uid":"e5e2905d-dab7-4952-a45d-c6ba8510e630"},{"data":"62","extras":[],"flags":0,"type":"KEY_EVENT","uid":"ea3a20e0-5b8d-45d5-95c6-b8b70a3a0e9d"}],"constraintList":[],"constraintMode":1,"flags":0,"group_uid":"f6d3dc42-7da7-47a9-bd86-5f9c1c3e42ad","id":95,"isEnabled":true,"trigger":{"extras":[{"data":"200","id":"extra_sequence_trigger_timeout"},{"data":"50","id":"extra_vibration_duration"}],"flags":1,"keys":[{"clickType":0,"deviceId":"io.github.sds100.keymapper.THIS_DEVICE","flags":1,"keyCode":62,"uid":"f56d886b-dc4b-4063-b2e8-046c5f9be93f"},{"clickType":0,"deviceId":"io.github.sds100.keymapper.THIS_DEVICE","flags":1,"keyCode":62,"uid":"68aadd07-9c57-40f2-b7bf-2a9e596ab1f1"}],"mode":1},"uid":"6e1cb820-8878-4d95-a90b-78689bf56718"},{"actionList":[{"data":"7","extras":[],"flags":4,"type":"KEY_EVENT","uid":"81b3f773-c835-4442-9329-326356630904"}],"constraintList":[],"constraintMode":1,"flags":0,"group_uid":"f6d3dc42-7da7-47a9-bd86-5f9c1c3e42ad","id":96,"isEnabled":true,"trigger":{"extras":[],"flags":0,"keys":[{"clickType":0,"deviceId":"io.github.sds100.keymapper.THIS_DEVICE","flags":1,"keyCode":57,"uid":"1c528bac-525d-4f78-839f-a9dc7a85b45a"},{"clickType":0,"deviceId":"io.github.sds100.keymapper.THIS_DEVICE","flags":1,"keyCode":666,"uid":"562cad6a-2ebe-41d4-9085-c6bca5034f40"}],"mode":0},"uid":"52306b67-b570-4859-8cfe-ab7d79729f4d"},{"actionList":[{"data":"7","extras":[],"flags":0,"type":"KEY_EVENT","uid":"81b3f773-c835-4442-9329-326356630904"}],"constraintList":[],"constraintMode":1,"flags":0,"group_uid":"f6d3dc42-7da7-47a9-bd86-5f9c1c3e42ad","id":97,"isEnabled":true,"trigger":{"extras":[],"flags":0,"keys":[{"clickType":0,"deviceId":"io.github.sds100.keymapper.THIS_DEVICE","flags":1,"keyCode":57,"uid":"1c528bac-525d-4f78-839f-a9dc7a85b45a"},{"clickType":0,"deviceId":"io.github.sds100.keymapper.THIS_DEVICE","flags":1,"keyCode":666,"uid":"562cad6a-2ebe-41d4-9085-c6bca5034f40"}],"mode":1},"uid":"ea91caa0-6a5f-4abd-b6a6-a3cf8109b894"},{"actionList":[{"data":"37","extras":[],"flags":4,"type":"KEY_EVENT","uid":"a31dc74f-fcec-4ed2-a82b-d14cabc7cf52"}],"constraintList":[],"constraintMode":1,"flags":0,"group_uid":"f6d3dc42-7da7-47a9-bd86-5f9c1c3e42ad","id":99,"isEnabled":true,"trigger":{"extras":[],"flags":0,"keys":[{"clickType":0,"deviceId":"io.github.sds100.keymapper.THIS_DEVICE","flags":0,"keyCode":37,"uid":"2a2766c4-f707-4935-858c-fd32d31b5b8c"}],"mode":2},"uid":"a1e14e8f-a8b3-4a65-9c04-593e680c38a9"},{"actionList":[{"data":"57","extras":[{"data":"0","id":"extra_custom_hold_down_behaviour"}],"flags":0,"type":"KEY_EVENT","uid":"eefe52b1-3b93-4d58-bf44-5184a8fc5549"}],"constraintList":[],"constraintMode":1,"flags":0,"group_uid":"f6d3dc42-7da7-47a9-bd86-5f9c1c3e42ad","id":101,"isEnabled":true,"trigger":{"extras":[],"flags":0,"keys":[{"clickType":0,"deviceId":"io.github.sds100.keymapper.THIS_DEVICE","flags":1,"keyCode":57,"uid":"c901e8cd-0d84-4cc9-9474-e5fa1bd565e0"},{"clickType":0,"deviceId":"io.github.sds100.keymapper.THIS_DEVICE","flags":1,"keyCode":57,"uid":"0934c632-9373-47b8-9d3d-de8bc034d963"}],"mode":1},"uid":"dce62117-365f-4596-a70f-8a28b07b6a72"}],"groups":[{"constraints":[],"constraint_mode":1,"last_opened_date":1747663825752,"name":"cursor","uid":"059e2a0d-f53e-4224-adc2-695f5178e0ca"},{"constraints":[],"constraint_mode":1,"last_opened_date":1747767742735,"name":"text manipulation","uid":"1f8c6442-8303-4e69-aee3-c056642e8ef0"},{"constraints":[],"constraint_mode":1,"last_opened_date":1747594311258,"name":"symbols","uid":"b6dad42b-74ab-4557-8be6-29a2b0f19ac8"},{"constraints":[{"extras":[{"data":"bitpit.launcher","id":"extra_package_name"}],"type":"constraint_app_foreground","uid":"afd41d68-48be-4b80-a8a3-620f358c3e79"}],"constraint_mode":1,"last_opened_date":1747759199467,"name":"launcher shortcuts","uid":"0b7f3987-b4d8-4f96-99f5-85d10d71aa89"},{"constraints":[],"constraint_mode":1,"last_opened_date":1747777074336,"name":"alt layer","uid":"f6d3dc42-7da7-47a9-bd86-5f9c1c3e42ad"}]}