{"keymap_db_version":20,"app_version":118,"keymap_list":[{"actionList":[{"data":"283,551,283,153,1,500","extras":[],"flags":0,"type":"SWIPE_COORDINATE","uid":"5fdf7116-b27b-4c95-b5b3-f47820098b61"}],"constraintList":[],"constraintMode":1,"flags":0,"group_uid":"596b049a-d064-4898-84b3-9f930c59ded6","id":1,"isEnabled":true,"trigger":{"extras":[],"flags":0,"keys":[{"clickType":0,"deviceId":"io.github.sds100.keymapper.THIS_DEVICE","flags":1,"keyCode":63,"uid":"d73984ea-267e-4325-bca7-715315a7ecf4"},{"clickType":0,"deviceId":"io.github.sds100.keymapper.THIS_DEVICE","flags":0,"keyCode":47,"uid":"6a0d087b-7a58-4f36-9c0b-7edf06ab07ef"}],"mode":0},"uid":"7c6496b7-c0f5-405f-8983-8d166e60a4a3"},{"actionList":[{"data":"301,130,301,557,1,200","extras":[],"flags":0,"type":"SWIPE_COORDINATE","uid":"eea3ecd2-9dee-4ab8-9813-b37f0b8862a4"}],"constraintList":[],"constraintMode":1,"flags":0,"group_uid":"596b049a-d064-4898-84b3-9f930c59ded6","id":2,"isEnabled":true,"trigger":{"extras":[],"flags":0,"keys":[{"clickType":0,"deviceId":"io.github.sds100.keymapper.THIS_DEVICE","flags":1,"keyCode":63,"uid":"44647d2c-13c9-4430-8d9f-ac111355f820"},{"clickType":0,"deviceId":"io.github.sds100.keymapper.THIS_DEVICE","flags":0,"keyCode":51,"uid":"99cf910d-55bc-470f-89d4-97acb654f2f4"}],"mode":0},"uid":"a692fadc-a9e5-465f-986e-61872dd04414"},{"actionList":[{"data":"70,288,429,288,1,200","extras":[],"flags":0,"type":"SWIPE_COORDINATE","uid":"cf9dd103-8f85-4225-8f21-6033f3d05961"}],"constraintList":[],"constraintMode":1,"flags":0,"group_uid":"596b049a-d064-4898-84b3-9f930c59ded6","id":3,"isEnabled":true,"trigger":{"extras":[],"flags":0,"keys":[{"clickType":0,"deviceId":"io.github.sds100.keymapper.THIS_DEVICE","flags":1,"keyCode":63,"uid":"f74df82d-f1e9-4a8f-ba29-3a3d73f4ff92"},{"clickType":0,"deviceId":"io.github.sds100.keymapper.THIS_DEVICE","flags":0,"keyCode":29,"uid":"d78a9e7a-fedd-46a3-8d9c-78fe9c1d6cd2"}],"mode":0},"uid":"fda609e7-d3da-47be-87fb-2ab2ae81fdf4"},{"actionList":[{"data":"506,256,77,256,1,200","extras":[],"flags":0,"type":"SWIPE_COORDINATE","uid":"1a503ecb-0e42-40f7-acb3-e80d0cef5417"}],"constraintList":[],"constraintMode":1,"flags":0,"group_uid":"596b049a-d064-4898-84b3-9f930c59ded6","id":4,"isEnabled":true,"trigger":{"extras":[],"flags":0,"keys":[{"clickType":0,"deviceId":"io.github.sds100.keymapper.THIS_DEVICE","flags":1,"keyCode":63,"uid":"08c63098-846f-49cc-b03f-af385a943211"},{"clickType":0,"deviceId":"io.github.sds100.keymapper.THIS_DEVICE","flags":0,"keyCode":32,"uid":"de92adaa-06dd-4890-9830-f4829328d2e7"}],"mode":0},"uid":"7a6477ee-9546-466c-a676-90243cb2d636"}],"groups":[{"constraints":[],"constraint_mode":1,"last_opened_date":1747416029298,"name":"arrows","uid":"596b049a-d064-4898-84b3-9f930c59ded6"}]}